idForum,idDiscussion,subject,message,parent
5721,23896,las plazas para el curso de Cuestionarios rapidamente se han agotado,las plaza curs cuestionarios rapid ago podeis amplia favor vist va cos va ser much until asi necesarios,0
5721,23897,las plazas para el curso de Cuestionarios rapidamente se han agotado,las plaza curs cuestionarios rapid ago podeis amplia favor vist va cos va ser much until asi necesarios,0
5721,23935,Cómo eliminar un matriculado manual en egela,polar por error matriculo usuari ngel docente confunde corre ahora quier elimino sol consegui cambio edicion rol estudi manual no encuentra manera echar curs ngel no conecta nunc no correspond curs no se com elimine participantes gracias poihanap,0
5721,23942,Acceso a grabación,p¿se puede accede grabacion sesion online vez matriculo curs no pud accede ningun grup limit plazas,0
5721,23949,Tutorías en Blackboard,psi abril mismo tutor mismo hor dos grup dos ngel ¿pod ten abierto sol ngel abrir dos ngel dos pestaña diferente cad grup accede tutor propi gelp gracias,0
5721,23966,"APUNTADO A CURSO A LAS 4, PERO NO ENCUENTRO FORMA DE ACCESO",pac par dias apunta curs impact hoy mart  cuestionar no encuentra form pod accede mismo,0
5721,23977,Tipo de pregunta: Elige la palabra perdida,papel utiliza cuestionar habitual alumno incl tip pregunta arriba indic no consigo sab com funcionan pme podr indic pon algun ejemplo,0
5721,24014,GISMO,papa peel gis aplikazio txertatz saint naiz noizbait best mood bat emaili buen eta bain ez dut portu ukasz arder existen lortzek best mourir badge baliabideak erabiltz ari dir aztertzek edo galdetegiak edit ari dir bideoak ikustenp p p peskerrikaskop p p pmaialenp,0
5721,24033,eGela taldeak eta taldetan ez dauden ikasleak,pkaixop peel verein bat talk entregtzek parte about bain talet ez dad ikaslak balvin badius eta talk ez dad ukasz horietak bate entre edit bad talet ez dad ukasz guztia just date pol keirin date hora talk ez dad ukasz bakoitz tal bat tartu beh dut ez fait zentzuzko erudito arrazoizkoago mat du pentsatze ez eadafd talet sarten bakoitz tal bat del automatikoki esta pbestald egin eta ger ba dag hora konpontzek modurikp pen buen erantzunar main eskerrik asp edurne,0
5721,24122,Bideoa ikusi powerpointean/Ver video en ppt,pen castellano debajo pkaixop posible da collaborate biden powerpoint bat partekatze ikasleekin eta hace video ilustre eta entzuteap p p pes posible comparte alumno vide incrusta present powerpoint y vean escucha video,0
5721,24164,Aforo alcanzado,buen tardes las dos sesion castellano curs evaluo ciencia complet factible abrir algun sesion gracias,0
5721,24251,MATRICULAR USUARIO EN AULA VIRTUAL,buen tardes p¿com puede modifico rol usuari matriculo manual curs ngel quier asign rol estudi figura rol p por pregunta ¿es posible despues desmatricularlep gracia colaboracion,0
5721,24270,Taldekatzeak egelan,punibertsitateak zehazt situ ga eta ga taldea automatikoki taldekatzek aukerarik bada egelanp,0
5721,24333,AZPko langile baten erabiltzailea egelan sartzea,segun onp grado amaierak linkin ever perezi gaudenez irabazi dug horretarak sort duque ngel gel erabiltze kudeaket errante batzordek bileretarak ere foro beh dug eta hem datos arazoap paz kid bat dag watford eta ez da agente matrikulatzek modo nol matrikulatu dezakegu geln apto person hora ein da duque irtenbid egelpia sor dezakegu bain leguas bikoizte ekarrik luk eta ez dug este egokien dewiki pze irtenbid mat diguzuep peskerrik asp mikel,0
5721,24385,Foroak eta taldekatzeak,segun onp por bat sort dut azar hace siguen galderari dagozkionak beaterio ez debut jarrikop p harpidetz eta jarraipen gt harpidetz behtuap p module azar comuna gt taldekatz gt praktikabatzorde sortutak taldekatz bate p mulato eskuragarritasun gt ikasleak bet beh du gt taldekatz gt praktikabatzordep p p palmer da for torreta mezcal praktikabatzorde taldea kidney bakarrik jason dituzt ordo etarra ditugu baldintzak hora get dadun alego mezcal praktikabatzode taldekatzn dad personen bakarrik ius ditzatelap pet taldekatz torre dag donor dati anal izan situ mezcal for torre font izan gab plataforma buen rola p p peskerrik ask buen laguntzagatikp pond serie mikel p p,0
5721,24388,1 alumno en dos grupos,buenas p peng dud grup alumno agrupa manera cad alumno pertenece unic grup par entre tar pde car plant distinto model exam gust sab si posible cre grup distinto simultaneo dec alumno pertenezca dos grup uno tar exame psi no posible algun alterna agradece p gracias saludos susana,0
5721,24523,Utilización de la hoja electrónica Excel,p buen tard p psi tare abierto collaborate  realizo excel ¿los alumno no dispone excel equip podr usar la excel  cooper univers  a traves ngel traves otra  apl p much gracias,0
5721,24871,¿Se puede exportar los grupos de un curso de eGela?,polar phe cre seri grup curs ngel gust pod exportlosp pve engel permit import grup format especial no encuentra com export grup ¿es posible pun saludo gonzalo,0
5721,24939,Safe exam browser,pse puede instalo ngel plugin mood saf exam brown dar proteccion cuestionarios saludos vicente,0
5721,25090,Unificación de resultados de cuestionarios de dos aulas eGELA,pkaixop pun grup cuatro profesor mismo asignatura cad aul ngel pas mismo cuestionar alumno activ interpret dat recoge quis unific tod respuesta aus form ¿es posible p peskerrik asp,0
5721,25710,Función Matlab para exámenes online personalizados,pbu dia pno quier hac ped tiempo leed mensaje sol sip p dais asignatura cuy ejercicio exam puede personaliza cambio digit parmetrosbr  program aunque matlaboctavp por ejemplo ejercicio exam online podr empezo asi par men facil copiar pse b   seg tres decimal igual tres ultima digit dir se pid a calcul integral  b fxcosbx redonda result  digit significa b p phe escrito funcion matlaboctav resuelve automatic part proceso le fiche list csv baj gaur tal en cual dos format via consult grup list distrib via list clas cad alumno extra digit dni usa llama funcion la escribe puesto ejemplo resuelve ejercicio dni concreto sal muestra pantalla y como consult correo examen envia fiche text tod revolu personaliza results intermedio final redonda no funcion bien mala gnu octavo libr gratuito pest funciones pa href a href el ejemplo psi necesita ayuda tecnico dar med tiempo dispongo pun saludo precip jimenez dpto matem aplicar felipejimenezehueusp ppd seguir lleg tard convocatoria ordinario he tard tiempo hablo que extraordinario,0
5721,26084,separación en grupos egela ,par realizo exam ngel voy sub ejercicio  version cad simio enuncia diferente dat ide divide clas  grup cad grup asign tare  version ejercicio pal cre grup supone sabian grup asign pon contact comparte grupo p¿hay form divididos grup no enter dich distribucion,0
5721,26375,"Proyecto ""Facultad Cero"" proiektua",paix ehu edonondik taldea zer modus p beat urrutikoetxe arret naiz ehu economia eta empresa fakultatek irakasle kas honey menu desbordan bat dati nazi dut p rain del gun batua granada unibertsitatek medialab proiektuk jendeak dati zid projekte bakeri cruz faculty cer a href deity da p perez guttatus litzaidak zeki hit emite zion ibenik ius debut bain bahia dut zuek komentatze nor dati delayed zeki pink bat hit egito p gaur bildu gar leh aldia eta este dut projekte interesgarri izan daitekeel ehurentzat p pzu erantzunar main great naiz eskerrik ask aldea aurretik generan p p p div classfigur right span div,0
5721,26798,Mensaje sospechoso en un examen online de eGela,span stylefontfamily verdad arial velvet sansserif fontsize smallbuen tard escribe respect exam online hecho ngel cuestionar contest teni format ensayo escribe  lin examen debajo respuesta aparece vari vec mensajespanp span stylefontfamily verdad arial velvet sansserif fontsize smaller  what do you want to do br  new mailcopybr  br  what do you want to do br  new mailcopybr  br  what do you want to do br  new mailcopybr  br  dud puede ser esto no se si program detect entrada copa peg si puede ser razon ¿sabr algun dec deb eskerrik askobr span,0
5722,23878,Blackboard añadir moderadores,pos agradece comment com convert alumno model blackbird ngel puede comparte archiv defend tfg online muchisimo gracias,0
5722,23881,Pantaila konpartitzean erakuslea,pkaixop p  pantalla konpartitz ez da arraso just eta aplikazi basquet mala kas  ein dut nazi dudan beh brezal adierazi modus bat dag collaborate bitartez edo sistema eragiletik nolabait erakusler bat marta jartzekop pmid ester aldea aurretikp nowrap,0
5722,23885,Uso de Blackboard entre alumnos,buen dias hoy super alumno utilice bbc run pod hac trabajo grup pendiente intent entren traves ehueusbilerak no dej cre sesion gust sab com puede hac sesion bbc superviso yo puede junto dia hor mejor convenga much gracia por adelantado saludos truth,0
5722,23943,"Pantaila konpartitzean, nabegadorea itxi egiten zait",p ara debut ein nabegatzail firefox edo chrome erabiltz dudar araberap pstrongemchromem strong pantalla konpartitz dud automatikoki nabegatzaila itsi edit fait gehienetanp pau ez fait gertatz strongfirefoxstrongekin bain strongfirefoxstrongekin bang emcollaborateem eta pantalla konpartitz baden ikasleek ez dut arraso ikustenp pea bi arazetako bat gutxienez soluzionatzerik dud klassik ordo eman anal izatekop pbesterik gab eskerrik ask p pitstop,0
5722,23951,Grupos,pol buen dias pay sesion estudi cre grup trabajo hoy entrar nuevo plataforma no esta vol cre quer sab si posible maten grup si cad vez entro cre nuevo  alumno pes ten hac cad vez ¿es posible plataforma grab grups eskerrik asp,0
5722,23953,grabazioak partekatzea,pkaixop pzalantz bat dakar bbc seis bat grabado dut eta irabazi hora deskargatu dup plain nol emaili dezaket grabase hora best ngela kurt bat nol igo date kurtsrap peskerik asp p p pkoldop p p,0
5722,23991,compartir aplicación,buen tardes sol puede comparte pestaña chrome pen comparte aplica no puede comparte vide vlc ejemplo pow point result problem asignatura ultima version chrome trabajo mac a pes dispone cas ¿puede ser eso peskerrik ask p pteresep p p p p,0
5722,24004,Problemas con el audio,segun on p pen prim curs assist collaborate no ningun problem oir model embargo segund assist sol oia son algun escribe chat no oia model mañana no escucha modera son chats comprobo audi orden no parece hab ningun problem prob abrir pagina audi youtube escucha perfect intent chrome firefox problem persiste p¿com puede solucion preocupa organizo tutor collaborate no puede escucha alumnos peskerrik ask saludo pleine,0
5722,24031,"Pertsona gutxiko bilerak direnean, ikusi al daitezke denak pantailan?",pkaixop normal  person bain ez debut just pantalla hain zuz ere hit edit ari sirena posible da pantalla txikiag izan ere elkarrizket dad person guztia ilustre  laguna arte bileretaz ari naiz alerta dut  dudan ezinezko del bain bilder nacio txikientzakop peskerrik asp edurne,0
5722,24112,Problema al compartir una aplicación,pegunonp pay impact clas laboratorio collaborate bien comparte aplica program dial quer comparte program daisalux aparece pantalla blackbird negro adjunto pantallzosp py nave firefox explore problem desactualiz comprobo si funcion ellos que esper respuesta saludos p p eduard mat sanz,0
5722,24158,dos cámaras simultáneas,papel conecta cam extern sesion alumno puede ver escribe algun posible pas cam comparte document pantalla manera agile gracias,0
5722,24163,Material del curso,pve que diferente rest curs impact este acces grabacion no ningun archiv material curs pdf pod guard imprime ¿ser posible colgaseisp,0
5722,24170,Sobre cambiar unas grabaciones de un curso de Blackboard a otro,polar phe hecho unas grabacion reunion blackbird collaborate cre part ngel ahora cre reunion balckboard collaborate no vincula ngel gust sab si podr pas grabacion blacboard ngel reunion blackbird gelp p p much gracias poner,0
5722,24209,Idazteko baliabidearekin arazoak,pkaixop pilas batzuekin current brazo iza dut idaztek baliabide erabiltz dud dokumente bat gain serait idaztek edo azpimarratzek iksleek ez dut just nir apunte nik egin dud lek batik eta desplazatut pantalla best lek bat zergatik izan date nol konpondu dezaket brazo alberto,0
5722,24211,Invitar profesor/a externo a UPV/EHU a BBC,parratsald onp p¿es posible invita profesor extern upvehu impact conference utiliza collaborate cre asignatura  ¿hay hac necesario traves wweehueusbilerakp psi hac traves ehueusbilerak¿ posible envio distinto enlace distinto rol mismo sesion model participo model participo pmid ester aldea aurretikp pidoiap p p,0
5722,24236,Problemas con la cámara,buen dias uso blackbird collaborate no problem configura audi no configura cam portatil enciende luz cam portatil blackbird dic prueba vide   que red and vuelta pens prob conecta rout cabo sig igual aplica cam funcion problem asi no se cual puede ser problem ¿algun ide mil espera,0
5722,24246,Problemas con el sistema operativo MacOs Catalina?,parratsaldeonp pyo problem entro safari blackbird collaborate permit activ tod vide aunque ven no escucha embargo entro chrome vide ven escucha per embargo no puede comparte aplica program present pow point present traves comparte archiv cas aunque ven diposit no activ enlace internet eso andar entran sal sesion nave no puede hac sol entiendo ideal hablo chrome perp p p por intent aunque abre venta triple opcion tod pantalla venta aplica pestaña chrome unic realmente funcion ultima p p p pno se si solucion aunque dichos catalan acostumbra ten problema p p peskerrik asp,0
5722,24280,Descarga grabaciones,buen dias pas grabacion sesion traves ngel descarga perfect no encuentra manera descarga grabacion sesion traves hileras seguir facilisim no veo opcion eskerrik asp pteresep,0
5722,24378,Uso individual alumnado BBC ,pegunonp per modus zaudetep empezo usando bbc evaluo individual cas practica alumno permit grabacion prueba enlace bbc excusa alumno sala bbc individual temporalizacion  primer conecta vem tecnologia va bien audi vide dej un  cas mediante chat por cuestion organizacion  gustaria dej cas entren dispone tiempo preparacion parece no ven caso pose parece que chat permanezca habra estar dos participo vez simplemente si alumno entrada comprobo audi vide sal voy posterior pong cas ver toque turno peskerik asp virginia,0
5722,24412,Grabaciones,buen dias peng archiv grabacion tfm realizo semana  marz confio mayor part tribunal traslado enlace grabacion blackbird dos preguntas ol list grabacion mantiene miente blackbird activ guard grabacion algun sitio li¿com puede descarga grabacion guard ordenador ol susan uriarte,0
5722,24414,Sobre cómo borrar una parte de lo escrito en vez de toda la pantalla.,polar pcu escribe lapiz blacboard o lapiz digital tablet encima document comparte pizarra blanc quier born sol detall part escrito no se com hac si doy icon born born escrito pantalla compartiendo p¿sab com hac born sol parte pepper respuesta much gracias poner,0
5722,24415,¿Se puede mejorar el retardo que hay desde cuando escribimos algo en la pantalla a cuando lo ven los otros asistentes?,polar peng pregunta pcu voy escribe lapiz encima document comparte pizarra blanc dad cuenta por comentario asistente viene luego grabacion demas ven lengua retardo escribe ¿hay algun manera solucion mejor estos pepper respuesta much gracias poner p p,0
5722,24420,Opciones para compartir en la misma pantalla dos documentos o un documento y la pizarra blanca.,pol nuevo pme gust sab si posible comparte mismo venta sesion blacboard collaborate dos cos vez refiere comparto mismo tiempo aunque tamaño pequeña tamaño grande p por ejemplo utiliza blacboard collaborate gust comparte dos cos vez peo no sab hac se si podr hace p dos document agrega apart comparte archive p pizarra blanc document del apart comparte archive p pizarra blanc document del apart comparte archiv document escritor ordenador pre cos quer comparte mismo tiempo trabajo mejor no sab com hace much gracias poner,0
5722,24440,Compartir archivos de video en collaborate,pkaixop p p p¿es posible comparte archiv vide blackbird intent cargo vide grab powerpoint grab collaborate dic no format admit ¿hay algun opcion pla dud vien organizo unas jorn expone entorno  present dia organizo consider exposicion online asign rol present cad participo moment permit comparte archiv puede ser complicado deb fall conexion internet cad uno alterna propuesta cad present prepara vide vide reproduzca online jorn ¿algun pista p p gracias,0
5722,24467,problemas con el acceso telefónico anónimo,buen tardes peng cuestion respect acces telefon anonimo blackbird collaborate la opcion accede usar nave piens hac exam oral alumno no acces internet puede ser buen opcion pel problem llama numer aparece sesion siempre comunica intent hecho aparece mensaje ingles dic met clave seg tel no entiendo bien cual es prob almohadilla sal mensaje error llama cuelga p¿cual proces seg entona pod conecta telefon accede navego much gracias,0
5722,24543,Cámaras visibles en blackboard,pde normal sol ven  cam bbc gustaria  sab puede hac puede vers cam simulan dia curs evaluo online comment podian ver p,0
5722,24575,Cómo limitar el uso del chat en una sesión BBC,polar igual no sent consult gust sab com puede limit uso prev chat participo sesion bbc pse com respond prev consult chat no se com limit uso prev chat alumno no puede comparte respuesta pregunta evaluo ejemplo saludos,0
5722,24651,Crear una sesión de BBC con invitado ajeno a la UPV/EHU y alumnado de UPV/EHU,segun onp pen marc asignatura impact actual organizo masterclass ponen empresa extern upvehu gust utiliza ello plataforma bbc pal ser person extern upvehu entiendo ponen no podr accede sesion bbc si cre traves ngel ello cre nuevo sesion ehu hileras ¿es mejor opcion pal edit configura sesion interpret invita ponen asign rol model cuenta mismo permis chart y just sesion asistente interpret alumno asign rol participo ¿es correcto tambien gust sab com puede comparte sesion ponen alumno ¿el enlace invita envio unic ponen alumno ¿deb usar enlace alumno dad no interes permis model cas afirma ¿cual enlace pmid espera pun saludo,0
5722,24662,Problemas con el micrófono de alumna dentro de Collaborate que necesito resolver para una prueba de evaluación,parratsald onp dentro unas semana voy realizo present trabajo utiliza collaborate estudi clas funcion correct micro puede hab embargo problem alumno concreto hecho prueba audi pes micro activ por skype demas plataforma funcion lang prueba dentro collaborate no detect audi hab traves micro desconozco si usando opcion llama telefon introduce pin permit pod hab traves telefon ademas oir audi padre cobre llama nacional verd no quier que aunque via alumno puede comunica padre asume cost extra p¿ex algun manera hac algun prueba extra dentro collaborate desconozco ver pas micro dentro collaborate llama cau dich orden no corpo alumno no permis met dentro orden ver paso peskerrik asp maite,0
5722,24676,efecto espejo,pno entiendo exact rep efecto espejo,0
5722,24798,Compartir video y audio con SAFARI,parratsald onp pun ponen tras siguiente dud no respuesta p utiliza safari quier comparte present anim vide p pal comparte pantalla visualiza present vide present puede comparte  ver no oyen p pno aparece chrome comparte audi pantalla comparte pestaña chrome pmid espera pidoiap,0
5722,24813,Sesion de Blackboard para el dia del examen,pkaixop pel dia reunion car exam hab usar enlace ehu hileras form si invita estudi sol bbc conecta prof dos clases  estudi ejemplo  p los alumno tendra rol participo dos prof rol moderpresent cual seri convenient derecho prof gener link sol puede dar rol model presentador  prof una vez dentro sal verd no puede asign antes pes asign rol previa boton derecho  bbc hileras no asi bbc asocia ngel sol dej asign mismo rol todos asimismo si ocurre algun form facil car dia exam agradece  cad grup bbc ngel quizas p p peskerrik ask eta ordo izan p p virginia p p,0
5722,24849,cómo cargar archivos para compartir antes del día de la videoconferencia,parratsald onp pal cre enlace videoconferent direct ngel ¿com docente tampoco pod accede reunion lleg dia sesion p con ello gust sab realmente si pod cargo archiv una present powerpoint ejemplo videoconferent dias lug lo cargo pes contiene much imagen si no hag no da tiempo p peskerrik asp pnaiarap,0
5722,25655,eGElatik BBC-n ikasleak ezin ikusi,pkaixop park bbc sai ikasleak ein gente ius eta hace gu ere ez irakasleak gur arte just gin eta ikasleak hai arte ere bai hau den ngel sortutak bbcn gertatz zitzaigun eta abren kanpotik sort beh izan dug best sai bat saint gar ngel tal ezarpenak eta audaz ea hora izan site bain torre ere ez dug lotus pbadakizu ein izan date arazoap peskerrik asp puse,0
5722,26479,Grabación perdida en EGELA,phe grab clas miente impact traves bbc  hor clas mast ngel cero sesion bbc acord par grabacion veo grabacion no ngel ocasiones p¿alguien sab si posible recupero grabacion ¿ condicion necesario par grabacion sal sesion que grabada gracia antemano part escapar p p,0
5722,26504,Visualización del chat en una grabación,polar pam hac exam oral via blackbird collaborate hecho prueba grabacion sesion p pla sesion grab problem problem visualiza posterior grabacion p si abro ngel desde grabacion asocia sesion abre pestaña nave visualiza tip blackbird collaborate mismo distrib venta puede visualiza chat problema p embargo si descarga grabacion abro reproductor vlc sol reproduce audi vide no veo chat supone canal adicional no consigo encontro com visualizlop p¿me podr indic com visualiza chat reproductor ajeno blackbird collaborate pe vlp gracias spuria,0
5722,26626,Disponible / En progreso,buen tardes p p peng vari aul abierto hileras unas aparece dispone en progreso ¿algun sab cual diferencia gracias cruz a echevarria,0
5722,27135,Compartir material en grupos en BBC,buen dias seg docencia virtual gust sab com comparte material distinto grup gener autocat bbc dec gust asign cad grup archiv trabajo luego comparte compañero ¿se puede hac solicita baj revela p gracias p pmª josep,0
5722,28129,Tutoretzak BBC,pkaixop pzalantz bat sort fait jas berri duque menu bat abrir hemendik correr guar jar dezakegu gur tutoretzak bbc biden emite estelar pzalantz da jar date modus bat isle tartu nazi den nik hala sonar bat eman beh date sabor tartu anal zamek best akas best person baten edo tal baten nag eta break ez dai eta sai dag talk ere ez jain dudan fakultater bat hora barrio dut edo horrelak zerbaitp pez dalit alerta aid eta ea konponbiderik baden pmid ester aldea aurretikp pbp,0
5722,30044,Añadir foto de perfil en BBC (Egela),buen tardes p¿algun sab si posible agrega fot perfil sesion bbc dentro gelp pen bbc hileras posible dentro ngel no veo manera hacerlo gracia antemano part escapar,0
5723,23877,Cuestionario ,pme gust sab com hac alum exam test online pregunta  sol intent puede dej pregunta contest vol ellas ¿tenga prepara algun form especial salud gracia antemano pelea lorenzo,0
5723,23882,Curso de cuestionarios lleno,pol no pod apunta curs cuestionar mañana mart  llen miercoles   doy clase pno for dud tema abr nuevo curso ¿nop gracias,0
5723,23887,Curso lleno,pol acabo ver for dud cad tem pestaña abajo precios         blackbird collaborate     creacion videos       cuestionario pyo intent dej mensaje pestaña arriba for dud inch cad tem no dejaba quizas unic confunde cre deb claro pest cuarto mensaje dej respect curs cuestionar llen castellano sol siti miercoles   men doy clase p p¿vais abrir map p p,0
5723,23898,zerrendak beteta,paix libr dag bajar espiral tan da bain las nag bestrerik proposatuk dituzu eskerrik asp,0
5723,23905,¿Grabación o reedición del curso?,pzorionakp pel curs exit no que pen plaza ¿se grab sesion ¿vol quiz oferta curs cuestionarios salud anim top pido mamolarp,0
5723,23967,Límite de caracteres,p¿hay limit caracter plant preguntas,0
5723,23972,Revisar resultados,buen tardes much gracia curso pme gust edit cualquier revision result dad alumno tras entre concreto inform aparece transparent  puntuacion often nave cuestionar naranja dificulta pas inform estudiantes pen chat contest exist much opcion check depend circuit no queda claro much gracia saludos gustavo p p,0
5723,23973,Exportar cuestionarios,paix p p p pyo prepara cuestionar gust export enter mont ¿com puede hac intent gestion curs symbol engranaje gt banc pregunta gt export sol da opcion escoge categor pregunta no cuestionario p p tambien intent mismo cuestionar opcion export dic no pregunta export cuestionar hecho met pregunta man guard ningun categor ¿puede ser problemas p p peskerrikasko p p p,0
5723,23975,Calificación de las preguntas,buen tardes p¿com califico pregunta de emparejamiento pmid espera p p,0
5723,23976,Preguntas aleatorias para cada alumno (categorías),pol top query sab si puede define cad alumno respond mismo numer pregunta aleatorio banc pregunta dec si cre  pregunta gust define cad alumno respond aleatorio  mood si pod utiliza categor hoy finalizo curs habeis comment ngel opcion existe much gracia antemano pido aguirre,0
5723,23978,PROBAR CUESTIONARIO DISEÑADO,buen tardes pun vez diseño cuestionar alumno rol profesor ¿es posible hac prueba respond mismo tras ver com alumno enfrento mismo gracias,0
5723,23979,Importar cuestionario,phe vist vide import cuestionar program text word concreto utiliza plantilla word incl mismo tip pregunta vf opcion multiple diseño plantilla word pestaña llama complement tod opciones pen orden corpo no exist pestaña herramientas p¿com podr hac cuestionar word import ngela,0
5723,23980,Diseño y calificación de una pregunta (modo V/F),p¿com diseño pregunta tem  enuncia vf califico siguiente form maxim  puntos p cad contest correcta  punt xp p enuncia contest gt no penaliza enuncia  punto p  enuncia incorrect gt penalizacion tod pregunta p,0
5723,23983,Subíndices,p¿com pon subindicessuperindic distinto eleccion respuesta cre pregunta,0
5723,23988,EL ENVIO DEL CUESTIONARIO POR EL ALUMNO,puis sab donde aparece profesor cuestionar relleno alumno si pod guard archivar,0
5723,23998,Modelo de pregunta: Elige la palabra perdida,pme gustaria sab funcion tip pregunta intent realizo no funciona,0
5723,24008,Posibilidad de que el enunciado de las preguntas tengan valores numéricos diferentes según DNI  Alumno?,cad semana entre ejercicio alumno manera dat entrada depend dni cad alumno sac respuesta excel sal cad alumno corrio man uno ¿es posible program pregunta cad alumno often result diferente funcion dni sistema corrio automaticamente,0
5723,24010,Youtube,buen dias p p p¿ex posible col vide sesion youtube com hiz cas curs bbc luego pod descarga veces conecta egelapi personal parece util gracias cae,0
5723,24013,Etiketak,pkaixop palmer bank ticket arabe bilaketak emite uker ius dut bain ez dalit nol jarra etiketak hora azaltze eskertuk nuke p p peskerrik ask eta last arte p p felix olasagastip,0
5723,24015,Cuestionario sin calificaciones,segun onp por algun error diseño cuestionar no devuelve califa alumno sin introduce manual ¿qu puede hac calcul autocat vez cuestionar respond cre encontro fall si alas query sab com edit fall diseño proximo vez much gracias saludos eduard malagonp,0
5723,24016,Galdera laburrak konfiguratzeko,pkaixop palmer labor azalea eman den adibidear haiti desagua erantzun aid sulfuros del posible da erantzunet aid hitori  eta sulfuros hitori  palio eman eta torre aid sulfuros esta drenar  empate ala berenberegi aid sulfuros uker jarra beh dug eta horti eko palio emana peskerrik ask eta last arte felix olasagsatip,0
5723,24023,Galdetegia word edo pdf formatuan,posible da ngela galdetegi ordenagailu edit date format bat gordetze ngel tartu bario kontsultatu anal izatekop,0
5723,24025,REPAGINAR CUESTIONARIO,buen dias pen manual proporciona ayer ¿com labor cuestionar  pas pagina  pas  dese habilito  pregunta pagina ¿qu quier dec opcion aparece derecho remain ahora p gracias p,0
5723,24034,REVISAR RESULTADOS,buen tardes pun vez finalizo cuestionar no incl califa ¿qu hecho mal ¿com puede ver califa gracia colaboracion pitziarp,0
5723,24053,Zalantza batzuk,paix gaur sai ego este eta planteatutak zalantzk irakurri condor oraindik ere current kezkak diluta p nir kas ez diet jarra nazi gainditzek gutxienek kalifikazio ebaluaket jarraituar barnes frog bait posible da eta nir azterket  punto gain balvin bad hora nol egin date hau da haztapen egin daitekp p beranduag feedback kudeatu date hau da nik nazi dudan eman informaci hora edo habet anal bad ez eman bi tal debut eta ez dut nazi tal batekoak bestiario emaitzak pasatzeap p murio utzitak erantzun kas ez about kent zer barrio genus kalifikaziorak ezarpenet p p ez dalit nol ordenado daitezk caldera aleatorio erantzunekin bai tomato dudaba psentitz dut horrenbest talante date bain lehendabizik ali da baliabid hau erabiltz dudaba valdez aurretik eskerrak emanezp paitziberp,0
5723,24060,Cuestionarios sólo a una parte de los alumnos,p¿es posible solicita cuestionar tare sol part alumno asi podr diseño diferente model cuestionar tres distrib alumno pod ser sep grup pertenece edit contact realizo cuestionario tres,0
5723,24113,Grabazioei buruzko galdera,pkaixop pos baliagarrik edit ari zaizkit kurt hace mendez grabatutk klassik util dituzu behintzat kurita amante arte gaz da agi galdetegi bat aging duda hira este barra eta bordura agi kurita jad ahaztut hace hem granatum elote oso baliagarri dap pmid espera,0
5723,24118,programación de aspectos específicos del cuestionario,p¿de manera podr program cuestionar alumno pud ver sol numer total respuesta correct often not numer total puede nave tod vez terminado p¿es posible ademas ello programa profesor puede sab cual acero fall cad alumno vol cuestionar concreto dar feedback especie sol determino casos gracias,0
5723,24119,Puntuación negativa en pregunta múltiple,psi pregunta opcion multiple vari respuesta cierto ¿com puede punto negar si marc cierto no esp,0
5723,24120,Preguntas de ensayo,las pregunta ensayo ¿tien limit maxim caracter maneraproced registro respuesta cas form accede profesor ¿es mismo test vim curso,0
5723,24121,Intento de prueba,pun vez cuestionar list alumno option permit hac intent prueba embargo prueba no posible consta si realmente orden pregunta propi opcion respuesta van aleatorio luego cad alumno aunque program asi ¿hay algun form comprobo com funcion alumno exactamente,0
5723,24124,Respuestas en formato imagen,p¿se puede plant respuesta leg format imag vez escrito dec leg respuesta pregunta distinto imagenes p p p p¿y contrario ¿qu pregunta incl ademas texto  imag p,0
5723,24125,Zeregin batean entregatze-data eta itxiera-data,segun onp pzeregin bat estate dieran nir ikasleei ez dalit zertarak bali buen itxieradat eta entregatzedatap,0
5723,24126,Galdera blokeak mantendu aukera anitzeko ausazko azterketetan,pkaixop pgalderbanku cabal bat sort dug eta horti  gallery inguruk audaz azterket presta dug ukasz bakoitzk gallery ezberdinak izan dituelarik bain gai bakoitzek gallery kuru ber horrerain arazorik ez asunto da basquet egoerk deskribatz ditugul eta ever horiekin lotta hira edo lau gallery edit ditugul uker anitzeko bakoitz ba dag mourir erlazionatut dad gallery book horse elkarrekin aukertzekoa audaz galdetegi plantea duque edo ever hora gallery bakoitz errepikatu besar genus eta gallery guztia independiente salir brezal plantea guk lehenengo nazi genus bain ez daegu posible den pmid espera,0
5723,24128,Galdetegia edo Zeregina,padibid konkretuap p p pazterket bat bi problemekin problem bakoitzar hira beats oso antzerakoak bain ez kopiatzeko p pgaldetegiekin problema igor genituzk eta ukasz bakoitzartzat legend problemren beats bat aukeratu deal programa sekuentzi market leheneng bukatu eta ein bueltatu anal zamek eta ger migrar problem entre ragazzi edo escanear biden dentro mugatut problem bakoitzerakop pzereginekin bi verein bi ordutart desberdinekin leheneng problemrako verein pdf bat igor genus hira ereduekin eta hor bert azalea nan zenbakiar arabe beats bat edo best tomato papel ukasz bakoitzari bernie dagokion ordo aukeratzek ger ragazzi edo escanear bitartez igor luke kas honey dentro sobra baza legend problema dentro hora beste laguntzek emaili dezaket bain galdetegi azterket oso egin este ere bai pea norbaitek idea habeas bat mat digan p miles edit ari zares lanagatikp p p p p p p,0
5723,24130,ABRIR EL CUESTIONARIO SOLO PARA UN/UNA ALUMNO/A,pen cas alumno problem conexion tiempo establece hac cuestionar ¿es posible abrir cuestionar sol sees alumno alumnos pen curs comment posible hac copa cuestionar abrir sol alumnos p¿podr explica detalles p¿com hac copa cuestionar donde com añade dat alumnos peskerrik asp pain badiolap,0
5723,24133,Mejorar la fiabilidad de la evaluación virtual,pde car evaluo asignatura si algun experiment solicita recomendo mejor fiable evaluo virtual ejemplo com limit contact alumno si puede ser mejor prepara diferente model pruebas much gracias,0
5723,24134,Galdera desberdinak ikasleei,pkaixop pink adibidez  riket estate dizkiet beati eta ragazzi iri bidaltzekop parado da riket  berlina vidal eker kopiatu anal wiretap perez lau riket presta debut zenbakiak alatus riket bakoitzetik veraz  konbinazi diluta plain horretarak  pdf egin debut eta bakoitzari bere vidal dio correo  ukasz diluta pegelarekin hau emite posible litzatek nik  riket parte eta egelari este konbinaketak emite mot bakoitzek bat hartuzp pmid ester aldea aurretikp pagar bate poihanap p p,0
5723,24136,"Exámenes, alguna experiencia",pol si sirve algun pong com hecho exam tras edit siempre no copien edicion exam respuesta aleatorio  cad pregunta editar pen cuestionario pen calificaciones sol intento pen esquema sol pregunta cad hoj secuencial pen comporta pregunta aleatorio retroaliment dinero pen revision blanc men inmediato clic punt puede ver result global acabo  no puede ver mas sol not sac igual puede quit no sep tambien oculta libr califa si no cre puede revis pregunta alli py quier hac revision  dos dias despu cambio parameter edicion pen comporta pregunta pong califa differ camp pen  revision column despues cero cuestionar marc tod casilla asi alumno abre pestaña puede revis exam pregunta pregunta vuelve pon visible libr califa asi alumno puede ver pregunta correct alli pre sal bien asi prob si alas poc experiment recon prob alumno ficticio entrar alumno clave no simplemente cambio rol pepper sirve alguna p p p p,0
5723,24153,Banco de Preguntas ez den kurtsoan sortu dut,pkaixop pgaldetegi egiterak konturatu naiz banc pregunta ez den ikasgai sort duda nol berenganatu ditzaket galdetegirarak posible dap pmid espera,0
5723,24165,preguntas wiris,polar pla herramienta iris instalo posible cre sol pregunta valor aleatorio coleccion pregunta stem p pse ngel no puede usar opcion quis sab si nuevo coyuntura plant contratarle usar no se riesgo conlleva partir car usar cuestionar evaluo ten duplico vari vec mismo pregunta distinto datos gracias prp,0
5723,24174,Reordenar preguntas al azar por bloques,pol quis sab si posible reordeno pregunta azar bloque pregunta ejemplo quier cuestionar  pregunta  primer bloque que realizo orden  siguiente bloque realizo orden  ultima iguales quier bloque pregunta orden aleatorio ¿es posible hac estos,0
5723,24190,Categorias,por aparece curs category no creado,0
5723,24191,temporización,pa part pon tiempo contest cuestionar puede pon tiempo cad pregunta,0
5723,24198,Saiakera kopurua,pez dut ordo alerta speaker kopurur asunto hau da gastar azalea zenit gallery bakoitz egin daitezk speaker kuru mulato daitekeel eta ez dut alerta zer den hora praktikanp pjo desagua erantzun anitzek gallery bat daniel ikasleak hora erantzut du eta vidal skate esta ordo errepasatz uker eman anal dio erantzun aldatzek speaker kuru gt bad edo ez hora da gaz vidal buen abren erantzun artuk du font sistema peskerrik asp,0
5723,24205,navegación libre y secuencial,pkaixop pen extend nave libr significa alumno pod nave hacia delante hacia atras dentro cuestionar dec si dej pregunta blanc seg avanzo envio pod vol pregunta respond nave secuencial sol pod avanzo hacia delante sin embargo curs dij nave secuencial pregunta aparece orden determino entona entiendo nave libr pregunta aparece orden azar ¿lo extend bien pen tal cas si quier sala pregunta orden diferente cad orden azar no puede vol hacia atras ¿qu opcion deb seleccionar peskerrik asp pleine,0
5723,24225,Anular una respuesta,polar phe prepara test opcion multiple despues leg opcion no puede elimino dej pregunta contestar p¿habr form activ opcion azul opcion p p much gracias,0
5723,24250,Preguntas ensayo con datos variables,polar pen pregunta tip ensayo si quer ten mismo estructura enuncia var dat form gener variant mismo tip pregunta ¿qu alterna hay ejemplo sistema h calcul sal sistema entrada xp pond h x puede ser expresion matem valor numer incluso imagenes phe vist for puede hac pregunta calculadas no pregunta ensayo ¿habr cre banc pregunta tod variant quier ¿com hac cad alumno toque sol variante peskerrik asp sofia,0
5723,24254,Kalifikazioa,paix galdetegik emaitzak kalifikazi libro ezkutut agente zaizkit galdetegik ezarpenet nariz eta erakutsi jarra ger ikasleek ein dut ber not ius nol konpondu dezaketp peskerrik asp,0
5723,24255,Falta de Conexion?,paix guztioip los material resnum curs cuestionar estan genial mil gracias pen curs comment posible que  perd conexion algun alumno sabeis si ngel da informacion algun lug imagen tiempo seri igual hor comienza hor final p p p peskerrik ask eta hindu asp p p virginia p p,0
5723,24277,Zorizko galderak baina azpigalderak finko,pkaixop pdemagun riket bat plantea duda eta riket hora  beats ezberdin edit ritual zenbakiak andaluz dena kategorie berlin sort debut eta horti morir bat aukeratz dut ukasz bakoitzari zenbaki ezberdinekin bain gallery berlin agertzek rain desagua gallery torre a eta b talk titel eta nowiki hace ein dir zorizkoak izan batik eta dagozkion zenbaki lotus agente beh dir posible da hora edo antes serait emite padibidez desagua  ariketren a b c eta d berriak ritual enuntziatu berlin bain zenbakiak ezberdink a b c eta d arte eta horietarik bakoitz eta b talk ritual best bi gallery sirena eta bakoitzar erantzun ezberdin izan dap pa aa bap pb ab bbp pc ac bcp pd ad bdp produ desagua nik morir aukeratz duda a b c eta d arte eta sistema aukeratz du posible da ordo jarra galdetegiak aa eta ba hartzeap pzenbakizk gallery emite interesante haiti pmid mil ester buen laguntzagatikp pirantzup p p,0
5723,24290,Identificación Biometrica de los alumnos,p¿se ocurre algun form identifica alumno hac cuestionar realmente eell no personas hay proyecto univers vig incorporo plugin ngela p p p p p p p,0
5723,24318,Galdera kalkulatuak komodinekin,pkaixop posible da komodinak dituzt gallery kalkulatuak emite daukagun mood beats honey eta hal bad nolan psoilik zenbakizko gallery jar daitezkep plein uker dag kalkulatutak gallery jartzek thalia eta aldakortasun gehen izan dadun gallery artman peskerrik asp,0
5723,24323,aukera anitzen kopurua mugatu,pkaixop pgaldetegiet uker anitzek caldera sortzerak badauzkat batua adibidez  uker posible dituztenak bain nik nazi dut horietatik bakarrik  azaltze audaz pba dag hora egiterik baiezkot nolacp peskerrik ask aldea aurretikp edurne,0
5723,24357,diferentes preguntas para cada alumno/a,pkaixop pno encuentra respuesta aunque quiz comment dud si podr ten banc  pregunta de verdadero false ejemplo pregunta cort cad alumno sal ejemplo  asi cad diferente exam dificil copa ¿es posible ¿o simplemente sol puede hac aparezca distinto orden mismo todosasp pmid espera truth,0
5723,24359,acertar el 100% con el explorador,pa hrefpluginfilevidwampvidwampap pa hrefpluginfilevidwampvidwampap polar pme lleg dos vide relacion cuestionar quis sab si asi cuestionar ngel p pyo hecho prueba firefox chrome no consegui ver cual respuesta correct comentario feedback normal dan post soluciona plo no quier dec no puede ver lang pregunta gracia ayuda prp,0
5723,24366,Puede el alumnado conocer la respuesta previamente,pen cuestionar ngel  multiple numer nuevo intent nave secuencial no dej principi ver respuesta ni despues alumnpued alumno algun manera conoce respuesta relleno verifica mismo pas siguiente ayuda boton derecho codigo fuente argucia similar pen palabra seguir total cuestionar diseño ngel sistema informa no va suministro nunc solucion alumno psi seguir adel si no deb busca grant expert informarse pla conexion movil demas creativo no pod edit men herramienta informatica  vam utiliza no gener ningun duda psi algun respuesta conf si no pues import consult expert informate ofrezca grant pertinentes pun saludo p p p p,0
5723,24382,Galderen ordena zorizkoa?,paix uker anitzek gallery kas arg dakar erantzun orden zorizk date nol konfiguratup plain posible da ukasz guztia gallery berlina jasotze bain zorizk orden nol konfiguratz dut horas phelburu izan litzatek ikaslen ber arte kopiatzear probabilitate txikitzeap peskerrik asp,0
5723,24384,Establecer un tiempo respuesta diferente para cada cuestión,pkaixop p¿es posible establece tiempo maxim respuesta especie cad pregunta cuestionario pen opinion opcion gran ayuda combina mod secuencial pregunta azar dificulta comun tiempo real durant prueba evaluo alumno puesto cad estudi inmerso cuestion diferente tiempo just adecua dificulta cad pregunta resolucion quiz explica asunto busca for no encontro respecto mill espera puna p p,0
5723,24424,Autoebaluazio - Berdinen arteko ebaluaziorako galderen diseinua,pkaixop plehenik eta begin eskerrik ask oso lagungarri egin fait ikastaroap pgalderk eta galdetegi bat sort dut kas honey autoebaluazi eta berlin arte ebaluazirak emaili nazi nuk galdetegi ebaluazi rubrik modo  escala kalifikazi bat dut bikainetik gutxiegir eta hace diseinatzek hubieren uker anita del pentsatut hal bruto dup parado edo talante kalifikazian dut aukerren bate a bali duel pinto duende bikaineri  ipni dio oso ongiari  eta torre euskal feedback ordo agente da ez del guztia erantzun zuz bain font da ez daniel emite zuz edo kerrii bakoitzak bere aukertzen du eta p portal supsatz dut diseno serait gaki egin duda ein izan date gallery diseno egokien ebaluazi euskal bat planteatzek edo nol plantea dezakegu hon kalifikazia esqui egin besar genus guztia pepper dut talante alerta izada pmid ester aldea aurretikp pnagorep,0
5723,24428,valoracion de cada pregunta de test,polar aunque introduce cad pregunta val  punt edit cuestionar aparece cad pregunta val  punt ¿com puede modificar p p gracias p p prosa,0
5723,24433,Desgaitasunen bat duten ikasleentzat denbora gehiago emateko egin beharrekoak?,pkaixop pilas terreno desgaitasun bat buen orbit asalto algun posible da desgaitasun zerbitzutik adierazte ariketak emite dentro genial eman beh diegulap paso horientzat zer egin beso genus group amalago buen galdetegi sort best ezaugarri guztia berlina pirates eta ukasz taldekatze egin ber ezaugarri arabe ger ikasleak talent lanatus hal bad ba dag galdetegi oscar kovi emite uker ger trampa eta tarde aldatzek ez dalit bestlako maturin alata beso litzatek zen behbadp peskerrik ask buen arretagatik buen erantzunar main great naiz pond izan nestor,0
5723,24446,Markatu beharreko erantzunak,paix nir ikasgaietak bat egin ohi dud azterket ngel eram delayed jain nacio nuke portret gallery edo testuinguru bat mat dut eta erantzun terreno bat ikasleek erantzun hora arte aukeratu beh dut zeintzuk dir egiazkoak gezurrezkotzat harto dituztnak market gab uti beh dituzt nolabait klikatu beheco kutxak agente beso liratezk erantzun posible ondoanp phorrelak format posible da egelanp peskerrik asp,0
5723,24449,"Erantzunak zoriz , bat izan ezik",paix gun on velan p plehenik eta begin eskerrik ask edit ari zares lan guztiarekin p past honey irakasgaiar ebaluazi adopte bazar izan genus eta irakasl bate zer plantea buen p palmer bat erantzunk morir agente nazi buen ukasz bakoitzarentzat hau badakit posible del bain talante zen ea erantzun bat beti abren lek agente daitekeen p them unten debut ibid bat p pemindiqu siguiente respuesta strongfalsstrong relacion autofinanci empresrialemp tema      ampliacion capital social alterna autofinanci interes permit mejor solvencia empresemp emb      polit motriz activ empresa alterna autofinanci no afecta beneficio empresemp pmc       ampliacion capital social polit autofinanci interes puede ten eleva costeemp ped      polit motriz activ empresa alterna autofinanci afecta beneficio empresemp pemstronge      strongstrongl respuesta a b c falsstrongemp p p paso honey nacio genus a b c eta d erantzunk morir agente bain las respuesta a b c false erantzun berria beti agente p pez dalit posible den egi eran best best gallery erantzunk morir parte eta hau constant mantentze izan zen gur fuera p p p peskerrik ask aldea aurretikp segun ona izan p,0
5723,24465,Galdetegiak nola osatu: Ikasleentzat bideotutorial orokorrik?,paix guztioip pazterket egin beer dug gur irakasgai eta zertxobait urdu aud bai gu ea nol atrata den eta nowiki bait ikasleak eres phonetic agi ikasleei azterket quien edit jarra beer aurretik galdetegi bat nol sat beh den jakitek collaborate blackbird bitartez azul labor bat empate edit agi bideotutorial bat emite interesgarri izan daitekeel pentsatu dut hau da bearing quien prob jarra beer prob nol edit den erakust buen azul visual bat ez date nahastu eta bate ere prob ordo egin debaten plain nacio nuk ea halakorik bada beste collaborate biden azalea edit saiatuk nintzatek bideoak edit oraindik treaty nabil etajejejep pmid ester aldea aurretikp pnagorep,0
5723,24466,mover un cuestionario de un tema a otro en eGela?,pkaixop pes posible mov cuestionar labor tem o pestaña ngel tem o pestaña par aprovecho plantilla labor luego modifico sol pregunta y no ir  pasos peskerrik asp,0
5723,24471,Banco de preguntas- Periodismo,buen tardes prom dos profesor quer plant exam pregunta cort tip ensayo p¿es posible ten banc pregunta sistema aleatorio seleccion ejemplo cinc cad alumno dispone asi examen distintos p p pun salud gracias maria,0
5723,24486,Varias preguntas relacionadas con una misma imagen,segun onp necesita alumno describe  aspect distinto mismo fotograf no encuentra form hac necesita asi pregunta compuesta plo ocurre color fotograf enuncia pregunta ped  cuestion respuesta cort no result oldid introduce much informacion pest pens hac diseño tare document pud relleno asi no puede plant aleatorio complica correccion desconoce no parece buen estrategia pno se com puede hac cuestionar ademas necesita pregunta funcion mod aleatorio cad alumno viene fot diferente cad vez prob añade seccion lug pregunta no se bien com funcion recurso p p¿algun ide esper hab consegui explica bien cuestiona peskerrik asp,0
5723,24491,¿SE REALIZARÁ ALGÚN OTRO CURSO EXPLICANDO ASPECTOS MAS CONCRETOS?,algun docente puesto practica aprende curs configura cuestionar tip test gust der algun curs complementaria explica mejor especie cuestionar com registro respuesta vez cerradocumpliment visualiza algun ejemplo hecho por ej que dud sobre p opcion revision por ej si quer alumno no recibe ningun inform moment finalizo profesor pod sab cuanto items hecho bien dias despu hac posible vean cual fall ¿qu hace p ¿qu libr califa dic mejor oculta no vem donde opcion p ¿de form concreto visualiza despues result guard vez alumno respondido much gracia antemano p p,0
5723,24500,Puntuacion negativa en preguntas de verdadero o falso,buen dias quier hac pregunta verdadero false respuesta correct vale  punt incorrect  no respond  puede hac gracias,0
5723,24505,¿Cómo anular respuesta marcada previamente?,pel alumno ves hab realizo intent decir born pestes ¿es posible observa prob permit cambio item respuesta por ejemplo marc b cambio c no permit azul primer opcion marc dej blanc ¿es asi,0
5723,24509,Opciones de revisión después de cerrar el cuestionario,pen opcion revision quis marc despues cero cuestionar embargo no permit sol permit marc durant intent lo ir inform sl estudi corrio error inmediato despues cad intent ocurre parecido p p¿por no permit marc despues marc cuestionar sal sign direccion prohibida phe hecho mal solucion aconsejaisp p p,0
5723,24514,cuestionarios con pregustar de opciones y diagramas donde dibujar lineas de flujos.,buen nombre josep pme gust sab cuestionar pregunta si puede com puede insert vari pagina diagram tub dibujo dibujo line determino flujo flu algun sistema dibujo propi program ngela p p saludo span classeditededit a href villana jirones  envio original vieron  abril  span span classeditedh elimino numer telefon for bastante pubicospanp,0
5723,24532,preguntas sin responder,phe diseño cuestionar form secuencial vist dejas  pregunta respond finalizo cuestionar vuelve ten opcion respondia com hac no opcion vol verlas,0
5723,24537,Excepciones con alumnos que necesitan más tiempo,estim amigo ver si pod ayuda resolve siguiente cuestiona combina vari grup distinto licenciatura asignatura basic ngel no ningun problem agrupa solicita tar cuestionar parece lleg correcto phe ido introduce excepcion alumno requiere tiempo  accion realizo ningun problem localiza alumno da tiempo pel program acepto ningun problem edit correct pon total estudi no rol grup correct intent resolve cuestionario pague puede indic hecho mal pos dej copa mensaje aparece si puede ser ayuda pun saludo,0
5723,24540,Evitar que vean sus respuestas tras enviar y terminar,polar p¿ex opcion no aparezca respuesta marc cad pregunta vez acabo despu dar envio terminar aunque no puede vol atras modifico nad sab si respuesta marcas correct no si podr envio compañero respuesta ellos dad ¿se puede leg no aparezca revision much gracias yolanda,0
5723,24546,Cuestionario una vez terminado,polar pen cuestionar tip test pregunta secuencial activ dud si vez cero cuestionar alumno ve integro respuesta no si aun que tiempo asign realizo examen saludos prosa,0
5723,24548,Desactivación de emoticonos,pol p pen pregunta cuestionar tip ensayo problem emoticonos p psi doy codigo text pregunta copa ejecuten pdefrul r   casilla example x n example x xgt etc pla secuencia  aparece crit triste p p¿hay algun form desactiva hecho pregunta si algun sent moodle  p p p,0
5723,24551,Restricciones,pkaixop peng dud hac restriccion alumno concreto no puede accede cuestionar lead algun respuesta relacion no que claro psi no quier alumno apelo xxx accede restriccion ¿qu pon estudi no deb deb ¿y continuo incl apella peskerrik asp,0
5723,24559,Corrección manual,buen dias pyo quier plant pregunta respuesta cort ensayo hac strongcorreccion manualstrongp peng vari pregunta ellos p no clar donde almacen respuesta alumno y tod posible hor correo dec ¿puede ejemplo hac marc color respuesta alumno introduce comentario o revision que grabada p ¿si pregunta valor  punt puede dar valor parcial p quier dar cad pregunta valor  punts sistema no dej el sistema pon  punt ¿es posible por p p seleccion orden secuencial alumno no puede vol pregunta anterior dad cuenta puede dar flecha retroceso barr superior herramienta lleva cuestionar bloque al men sucede eso ¿estoy hac mal gracia ayuda pun saludo,0
5723,24580,Galdetegian atzera egiteko aukera,paix gaur ikasleekin speaker galdetegi bat egin dut ngel bai eure bai nik ius genes nol funtzionatz dueno unir helburu zen azterket sequential emite zorizk orden agente dir galderekin helburu ikasleek kolektiboki ez erantzute azterket whatsapp tal edo skype bat biden per aurita dut gallery bat erantzun eta vidal condor azeri geki jot bai bueltatu daitezkeel bain ein duel erantzun alata hau ez fait gusta kolektiboki emite aukerak bandit direlakop plain are genial gallery txuri unit bai correr egin date guztia ius eta condor ater bueltatu eta erantzunk tartu torre bai elkarrekin egin dezaket erantzun guztia txuri util ger condor erantzunk parte ein da keirin konfigurazioanp peskerrik asp,0
5723,24592,Alumno ficticio,p p p¿se puede cre alumno ficticio hac prueba comprobo ve com etc ¿com puede hace,0
5723,24600,Erantzun laburrak ausaz lotu: erantzun okerrak ipintzeko aukera,pkaixop pez bain leh barato gallery hau errepikatut bada for blau dut eta ez dut auritus perantzun laburrak audaz lote uker erabilgarri erudito fait riket zehatz basquet aplikatzek bain ara baten tomato naiz eta ez dalit irtenbiderik dag gallery hobetzek ibid baten azalduk dup pink audaz gallery bat sort dut erantzun aburre bot gallery erabilizp img srcpluginfilepng alt width height p palmer hora torre musik litzatek raza da zabalgarri torre bakarrik gallery batentzat uker egokiak agente dire adibidz audaz hira gallery bakarrik sart badius zabalgarri bakarrik hira uker artuk pirates torre riket errazegi da eta aparte bat konplikatu nazi dut best uker batua ipintzp img srcpluginfilepng alt width height p psaiatu naiz erantzun aburre erantzun genial pinto bain ez dir hor agente adibidz hauspeakinontziap img srcpluginfilepng alt width height p poder bat dag hora lortzekop p p pmid espera p p posar p p,0
5723,24621,"Preguntas tipo ""ensayo""",parratsaldeonp pme gust sab com hac labor cuestionar pregunta tip ensayo mismo enuncia comun respond vari pregunta ¿es necesario introduce enuncia cad pregunta objet cuestionar aparezca asi renuncia respond pregunta      continuo enuncia pregunta    ejemplo pmid espera p p,0
5723,24626,Importar desde Word al Banco Preguntas: Aiken o gift?,paix lagunokp p p pest content clas cuestionar opcion aleatorio import format gift respeto calificacion  asi pregunta correct  dej blanc igual p p pel niken  parece sol respeto pregunta correct p p p com hari importa exam word format gift si creeis venta conserva calificacion p p pen reali much pregunta test aunque revis facilitar trabajo p p p gracia eta ordo izan p p virginia,0
5723,24630,"Konexioa galdu ondoren, berriro konektatzean ...",pkaixop pzalantz bat dup pilas bate conexo waltz balvin bad tart labor bate berria conexo norte buen galdetegiar has agente da edo sistema gogoratu edit du ein caldereta zeg eta ordurartek caldereta ein erantzun eman dueno peskerrik asp,0
5723,24642,No conseguimos importar correctamente los cuestionarios,papa p them prepara cuestionar banc pregunta vari profesor curs ngel acces ide copa demas curso mismo asignatura distinto grup vez finalizado puesto experiment opcion import gestion curs  gt configura curs  gt import import banc pregunta curs orig curs destin no sol banc pregunta cuestionar pes hab desmarca opcion banc pregunta prim pas proces import sol quer import estructura cuestionar no pregunta pas elige recursos import desmarca except cuestionar quer importa p¿est hac mal peskerrik ask p julen,0
5723,24656,Volver a un item no respondido en un formulario test,paix guztioip pest quiz no pregunta tecnico gui orient procedimiento d adapt evaluo alumno entorno distancia ehu edonondik encontro hab cuestionar tip test dice pen prueba tip test estudiante deb pod vol facil item no pod respond moment present prueba simio posible realizo context presencial pme gust ella autor afirma explica ello contribs abrir enorme agujero seguir inseguro test on lin videovigil si posible vol atras tiempo consenso respuesta collect part grup estudi whatsapp etc pun test on lin no puede ser igual presencial sent no puede parece y piens cos no puede parece men obligatoriamente pmid espera luis p p,0
5723,24658,Comparación tareas con texto online y ensayos,polar soy person manejo tar no cuestionar examen escrito largos  hac hoy prueba online usar cuestionar pregunta tip ensayo individual plantilla gran invent ejemplo dar ejercicio parcial hecho relleno partes  concreto tabla sin embargo muchisimo encore tar ejemplo doble edicion banc pregunta cuestionar hoy problem gent quer sub imag for puede cuestionar no necesita ten carpet cad alumno ngel ocurre pod pasar p¿no facil habilito tar editor html en  lug text online men crisis resolve much si pud pon plantilla claro,0
5723,24684,Ikasleen uduritasuna egelako zenbait mezuekin,segun onp p idyuiesper gallery hace for errepikatut ez elote barato hal bad ez debut auritus pbatetik isle galdetegi sequential erantzut ari zen start aurea galderetarik bat ez fuel bet edo erik erantzund zegoel agri zitzaion begin galdetegi bukatut emite onzas harto buen abren ngela veraz galdetegi edit zeg start ikaslek gallery torre ez fuel kontatuk pentsatz buen torre sort buen urduritasunarekin menu hora abrazo ein da nol saihestu dezakegup pbestetik zenbakidun emaitzek galdetegi eraikitzerak irakasleak hamartarrak adieraztek puntuarekin sart situ iri torre asalto fait bain euskara kom erabiltz da eta ibanez ngela ikasleri emite ein den bueltatzerak komrekin bueltatz du test brezal zer egin beh da irizpide bateratzek ikaslek nahastu edit dimap pepper ordo azalea izada peskerrik ask aldea aurretikp pzaindu ordo izan mireia p p p p,0
5723,24701,"Erantzun-denbora kalkulatzea, saioa etetea eta ausazko galderak gaika",phone hem nir galderkp pebaluaziorak erabilik den ngel galdetegi presta aurretik prob modo galdetegi labor bat presta dut ikaslntzat best arder bat bait ikaslak galdetegiet white casi date eta get lite arawak aurreikusi nazi edo prob hora biden about mourir ngel bert jakitek ukasz bakoitzak zenit dentro beh izan buen galdetegi betetzeko p pbestald azterket egunari begin get lite ara teknikoak dire eta konex falta ngel sabio tete tab galdetegi luz bajar edo hira galdetegi labor egin talante nag zertarak bad work ara teknikorik ball une jain bat ati hora berregin dez solid ido torre hau da nir talante nagusia eta erantzunar arabe agi ez da beh aurrekorik planteatzerik ikaslari une bat ngel desaktibatz baza edo sabio etext baza posible luk berria ngel tartu edo sabio berrabiarazt utzitak punto hasta bait gallery audaz tomato zaizkion ere bait galdetegi emite uker bajar daniel markaturik dudan ere p phirugarrenik aux konfirmatu nazi nuk  gallery galdetegi bat esteras nazi nuk  date  gaikoak best hainbest  gaikoak eta best hainbest  gaikoak bain ukasz bakoitzari  hora artekoak audaz tomate alego derek erantzung dituzt  gallery gai bakoitzetik bain gallery hora konbinazioak ezberdinak izan dir bakoitzarentzat hora emite uker mat du ngel galdetegik esta peskerrik ask aldea aurretik p pmid ibarluzap,0
5723,24703,KASU PRAKTIKOAK,posible izan litzatek kas pratti bat  edo  orrialdetako aurkezte ikasleari ger break horti buruzk  edo  gallery erantzutek galdetegi baliabid honey ala best baliabidren bat emaili besar nuke peskerrik asp,0
5723,24738,"Ebaluazio jarraia eta ebaluazio finala, bi galdetegi ezberdin",pkaixop pronto da azterket gun bi ukasz mot izan ditugul ebaluazi jarra jarraitu rutena eta ebaluazi final aging rutena abren hace gallery genial erantzun besar dituztep pol da hob hau emite ikaslak bi taldea barato eta bakoitzari galdetegi bat egotzit nol edit da hora edo galdetegi grosor bat genei eman eta condor migrar galdetegi bat solid ebaluazi finalekoip pbestetik emaitzak libr califa dela water automatikoki pasado dire eran zenit barato bain nacio berri naiz eta ez dalit non tomato not libro horas valdez aurretik eskerrak emana placida,0
5723,24751,Así funciona el AZAR en preguntas / opciones / cuestionario,pol oscar sac pregunta a href relnoreferr open targetblanklink aqu hil general asi aprovecho explica exhaust context ago tod posible aleatorio hay verd puesto prueba br busca hier aleatorio lad pregunta es dec estudi puede aparece unas otras aleatorio parcial orden ven –un bloque exam record no–br br esta genial plant tip cuestion med demas adapt herramienta mood cuesta –desprender– pens veces nuevo nunc previsto esa dic agarra martillo alrededor pronto parece ten form clave ceguera contagio herramienta miente ven veces nuevo parece naval suizo tod posible parece ofrece si cierto ofrece much nunc ocurre pens explicit diferente tips aleatoriedad ofrece mood separa br br asi prim pong orden despues intent adapt martillo plan eran fino pp pbr tod aspect puede aleatorio cuestionar siguiente tres tres span stylecolor si contrario quer estudi exam model cero b cero c cero entona remix true puede sert util a href stylecolor vinculadspana final mediante botoncitspanembr br son sol tresor br strong orden aparece span styletextdecoration underlinepreguntsspan impredediblestrong    o   br strong orden aparece span styletextdecoration underlineopcionsp cad preguntstrong a b c o c b abr strong pregunta aparezca span styletextdecoration underline u otrasspanstrong    o   p pbr y aunque tres perfect acumulo y cad estudi aparezca diferente span styletextdecoration underlinepreguntsspan ademas span styletextdecoration underlineordensp impresos inri span styletextdecoration underlineopcionsp record quer algun tres lector sol parcial empezo top limit ahi si quier aparezca bloque aleatorio no extend com funcion cad tres part martillo ver si pod usar mano par ejemplo barnizarbr br lo prim hac strongborrarstrong palabra ment dirija mood tras concept strongbloqustrong diccionari no exist aunque extend perfect sab redir determino grup items conforman algun tip unid superior span stylecolor por vers mismo tem encadeno enuncia redaccionalment depend mismo context ten diferente calificacion penalizacion etc sencillamente quer visualmente muestra relacionados inquisicion pod consegui forms span stylecolor orden items pagina –lo parece bloque pagina ves sol form este presentacion mas– separa mediante descripcion anuncio expresamente instruccion participase mood supuesto bloque no existe no influ ningun aspect sol existe items uno detras otro cuestionario con configuracion general part ahi small campaneesem dir aquel ejemplo pong quier grup diez pregunta vale  punt y  grup diez pregunta vale triple  pues mood no existe tal seccion cog cad prim diez pregunta poder una calificacion por ejemplo x siempre numer enter despues cad diez triple x como dej prim diez toc sol poder x diez ahora cuestionar dam valor  recalcul ves unic concepts existe otros cuestionar  item  categor banc preguntar br con tres mimbre lidia part aqui br vam entona ver com funciona cad aleatoriedad separar br la sencillo explica stronger orden aparece preguntsstrongbr br se tras azar afecta cuestionar configura just general unic stronginterruptor  strong punt pelo no posible intermedio si activ items cuestionar bail lad otro estudi saldran        br br por si activa interruptor aleatorio refer cuestionar no ningun sento ul li numer pregunta com oyes vec escape escrito manualmente numer cad item enuncia numer llego import pregunta volc orden mir ris tu quer record lad result avis cual orden original span stylecolor si interes maten numeracion ten orden curs y asignatura period suelo interesa muchisimo puede seg indic descripcion item camp text uso intern tuy ademas import unic mod pod consegui orden alfabeticamente pantalla suelo pon sufijo tres digit cer incluido       pod maten posible orden vez pod incl intermedio futur si alas   contrario caos pregunta despedir categor conclusion lleg prueba error dig no ide solucion mat intent maten orden terriblespanbr br li li tampoco ningun sent introduce cuestionar descripcion instruccion intermedio possit voladores iri lad cuestionar no ocurre util puede ten possit informacion si incapaz que fij mismo lug prueban stylecolor  si aun asi informacion extra dar cas explicamos instruccion inicial la descripcion cuestionar fiche apart pud consult no item denomina descripcion ahora movilspanli ul pbr dich esto amor aparece pregunte no interes cas sol dej mencion explica descarta inici no liars dos voy segundo br strong orden aparece opcionstrong a b c d o c b d a mood desafortunadamente llama respuesta cierto este segund tip aleatorio funcion nivel cad item dec igual puede cero agu gris cocina maten abierto bar such pregunta   podr ten opcion along c b a d miente numer  telas fij a b c d ejemplo incl algun redaccion relat del tip span stylecolor ffe c ambas correctasemsp –refer dos anteriores– leer orden no perd significa tant si interes bail opcion estudi span stylecolor algo desaconseja suelo redacto items form lectura orden sport comprensible preguntdospan si aun asi interes bail opcion deb activ interruptor llamado baraja respuesta span stylecolor sic refiere tod opcion no sol otorgo puntuan strong aquel items interesestrong asi sea br ahora bien aunque abras cierre gris cad pregunta ademas abrir tom agu general tod cas siti just cuestionar dentro ecoport pregunte llama asi strongorden azar respueststrong  sic ahi puede abrir cero tom general que mand pequeña grifsbr br conclusion si activa interruptor aleatorio refer cuestionar la tom general entona no ningun sent siguiente ul li despues items desactiva baraja respuesta pretende reg jardin abriendo sol tom general ten abierto cad manguera gris separa algun sent hab abierto espiar br li li viceversa no sent abrir item item cualquier gris si oldid cero tomar br li li tampoco ningun sent incl manualmente etiqueta a b c d redaccion pregunta si quer aparezca mood llama enumera elecciones span stylecolor tom ya desconozco si traductor mood alero palabra opcion parece quer huir vezspanem asi añade automaticamente vez baraja strong tod forms opcion incl etiqueta abcd no ningun sent si pregunta van ser seleccion pantallstrong clic ellas span stylecolor sol ensucia introduce ruido util –en papel– pod traslado final respuesta plantilla correccion estandarizo cas cuestionario online pantalla no absolutamente ningun util si quer introduce opcion tip a b son sirve mencion simplemente la prim segund  dos ningun tras codificacion totalmente superfluo cuy orig aquel veces papel ahora desaparecer br span li tampoco ningun sent tip aleatorio pregunta verdejo  false binario que hecho mood dad cuenta ofrece opcion ellas stylecolor  not mood diferente item naturales vf opcion multiple sol dos opcion aunque pantalla puede mostrarse tan similaresspanli ul pbr por cierto si import pregunta fiche text formato aik entona defect mood dej activ ambos cad items embalaje emrespuestem emnumerem eleccion cass suelo toc pesadez ir uno desactiva segund miente prim last cero aquel estos general agua cuestionar atacado pbr br strong finalmente fin pregunta aleatoristrong dec aqu unas estudi mostro items banc pregunta    otras   p pau clave puede control strongdsde categorstrong escoge mood o subcategorias incl  no pregunta si no aleatorio comment span stylecolor empezo banc pregunta podr gener propi pregunta aleatorio no posibleemsp aleatorio no pregunta pregunta cerradisim antemano aleatorio mood escoja no no cambio naturales item escoge cuestionar numer  va aparece alicia serian proximo mart pregunta item sig mismo orig refiere aleatorio lleg estudi determino punt cuestionar ejemplo pagina numer doc moment mood escoja pregunta mostro tal categor tampoco ayuda mood form expres boton rez emana pregunta strongleatoritrongem redir añade strongleatoriamentstrong pregunta aleatorio tal no hay quizas despistar br ahora bien comment tres caracteres tip aleatorio va interesa terc preguntbasbr br  prim lug dich strongleatoried siempre refer participo concretstrong dec si alicia serian vol entrar mismo cuestionar segund vez entona pregunta segun aparece aleatoriamente men mood acuerdo com prim intent segund escoge otra cualquier no aparece alicia va rebaño categor si ejemplo cuatro pregunta prim vez alicia respond cuestionar  posible u otra si cab dias o minut permit alicia vuelve entrar responde mismo cuestionar entona  posible aparezca cualquier tres si alicia entra terc vez mismo cuestionar mood sol dos leg al  cuarto vez alicia ver seguir  ultima que categor strong part quinto vez comenzo nuevo rotarstrong cuatro posibles span stylecolor admit conoce cas exam suma poc util pens cad estudi sol va ten unic intent conviene sep –ya aunque much gent empezo interesarse cuestionario emergente viv siempre abogo util docencia regula bien sab futur seis fin pedagogicos realmente explota potencial–sp br br  segund lug si añade cualquier pregunta aleatorio categor obviamente deb strongqued pregunta libr elegstrong contrario estudi impe entrar que deben muestra mensaje color roj span stylecolor ffe suficiente pregunta categor x cre pregunta aleatorio derecho civil  epigrafe span ahi que br me parece coherente situacion asi mood pon seri opta detenido profesor arreglo lug por march prueba nac coj despues que incompleta segund podr ser irreversible asi si introduce cuestionario  pregunta aleatoriamente categor sol  mood no avis nad cuestionar inici defecto puede sucede menudo pens ejemplo si dia exam strongborr error algun item banc mov subcategorias posicionstrong ciudad pues aunque dia concreto puede hab perfect  leg si despues dia born algun mov subcategoria tal posicion podemos acabo men  fastidiar per podr ocurre otro algun  strong quemandostrong posicion mismo cuestionar pong cuestionar  pregunta sol segund mit  aleatorio ningun problem ahora bien introduzca empregunt banco cos  prim mit entona quedo sol  dispone ser realmente aleatorio cual mensajes cant estudi no puede entrar respondido que pardo exam no muestra nadar br  fin interesa cas concreto span stylecolor disculpa tod explicacion previa necesario extend sol form consegui querian br y terc lug si leg numer pregunta aleatorio por ejemplo  categor cinc sol numer pregunta tambien  entona mood permit strong ve obligo rebaño tostring cad intent clar unic aleatorio orden aparece seguian mismo  estudio p¿entona sport estos ppu sencillo recuerda vist aleatorio orden span styletextdecoration underlinepresentacionspan caracteres cuestionar aquel interruptor permit record tod ningun division intern pues bien si cre categor denominado ellas prim cuatro pregunta cuestionario dentro met sol cuatro pregunta invoke mood pregunta aleatorio met cuatro ojo no mas fastidio maxim categor pues entona cuatro sol cuatro aparecen record cad estudi continuacion demas pregunta no desorden la  puede ser fij  nuevo aleatorio toda categor  vez fij etc py mismo puede aprovecho forma pong sol quier aparezca aleatoriamente pregunta posicion    pues cre categor llamada span stylecolor categor almacen pregunta   span met tres continuacion lug cuestionar introduce una cad tres aleatorio sistema ver obligo cog cualquier aparece posicion  ya    despues cualquier dos relleno posicion  finalmente ultima  dec strong van aparece duplicadostrong pregunta podr ser temor cad estudi aparecen tres sol tres y ademas orden aleatorio rest cuestionar que fij br br com ves aunque sig martillo sab usar bien convierte bastante versatile br si ahora conoce causa vuelve parece sencillo prepara dos tres models exam prefabric –cerro enter– sala azar u otro hil explica compañero com constru botoncit funcion ngel util aleatorio cuestionar aterrizo cad estudi clicarbr br a href relnoreferr open targetblank br esper hab cubierta tod posible dani,0
5723,24774,Recuperación d preguntas para el curso 2020-2021,polar pyo labor banc pregunta bat pregunta gust sab si guard ngel pod recupero  pregunta cuestionar  usar docencia curs viene gracias,0
5723,24775,Retroalimentación diferida.,polar pal configura pregunta sugiere convenient opcion ademas cre adapt mejor interes gust proporciona alumno despues finalizo test inform cual respuesta correct inquieto puede chi algun compañero med voy dar  hor dispone cuestionar por si problem conexion  aunque luego vez empiece respond dispone sol  minutos  ¿hay algun form pod configurar vean inform sol acabo  hor asegura ningun alumno puede seg respond entona si accede respuesta correcto gracia saludo,0
5723,24803,Cuestionario tipo Verdadero/Falso. Puntuación,buen tardes puis sab cuestionar tip verdaderofals ¿en apart puede pon  pregunta correct  que punto negar pregunta incorrecto pal edit pregunta defect pon puntuacion  hac cuestionar pregunta incorrect no restan adjunto fot ejemplo pregunta much gracias pun saludo perea,0
5723,24835,Temporalización: cerrar cuestionario,polar pa hor realizo cuestionar sur dud respect apart cero cuestionario pqu habilito cuestionar hor concreto  duracion  minut realizo mismo intencion dar  minut cortes pod entrar es dec abrir  cero entrada cuestionar p pmi pregunta siguiente temporalis apart cero cuestionar ¿tenga indic  p peskerrik asp,0
5723,24858,Preguntas tipo Cloze y Expresiones Regulares,polar p¿hay algun form insert expresion regular cuenta bien respuesta blanc tenga enumera list items etc  pregunta tip clon respuesta cort vist puede mood no se si version manejo si regex php saludos blanc cases,0
5723,24868,Descarga intentos cuestionarios y sus archivos adjuntos,segun onp pen cuestionar pregunta tip ensayo respuesta adjunto fiche ¿ex form descarga revision intent junto archiv asociados pqu sab si manera agil descarga tod informacion correccion lug ir accede cad intent descarga cad archivo peskerrik asp sofia,0
5723,24869,Evaluación continua y evaluación final,buen dias pel dia exam dos tip alumno van realizo evaluo continuo van realizo evaluo final respond pregunta p¿com mejor hac esto separa estudi dos grup hac cuestionar cad grup ¿com hac dar cuestionar comun despues segund cuestionar sol evaluo final por lad ¿com pas califa ngel gaur realice mismo pregunta juez pas veo no abierto si alas envio castellano atentamente pla urbe lizarribarp,0
5723,24902,Ezin dut galdera berririk sortu,pez dit unten gallery genial grants menu hau atrata dap pkodeerror bat anthem da programatzail bate konpondu beh du category id is already on the list  loop of category detected,0
5723,24950,categoría padre,pno se com cre category  vist tutorial indic que seleccion desplego top for geografi colega dich category cre elige vien defect dec curs geografi ¿com puede vol seleccion curs pues ahora sistema no dej hacerlo p p,0
5723,24961,Calificación test múltiples,polar peng dud califa test multiple tod verdadero  verdadero  verdadero  verdadero ningun verdadero pme gust califico siguiente manera sol proporciona combina correct obtiene puntuacion punt negativos  cre no posible ¿verdad p p gracia antemano p p raquel,0
5723,24993,categoría padre,pmi problem sustituir categor padre vien defect cre categor padre no se si puede ten repercusion aunque piens no ahora no dej seleccion vien defect curs ¿hay algun mod vol recupero categor padre,0
5723,24999,Volver a una pregunta ya respondida en un formulario test,phe hecho simul exam comment encontro problem pod dej pregunta respond si respond pregunta  seg hac test envio quer ir hacia atras revis desmarca deja blanc respond no dej hac eso ¿sabeis com podr solucion no se si problem solucion reconfigurar diseño pregunta asi gracias,0
5723,25016,"Casilla ""guardar""",pkaixop p p peng extend miente alumno realizo pruebcuestionari alumno opcion guard respuesta med van respond mediante casilla guard tiempo dur prueba gust sab cas posible com puede activ sin similar existen p p gracia antemano p p salud animo p p pklarap p p p p,0
5723,25039,Método de calificación: Calificación más alta,buen dias p pest opcion que aparece defect significa gracia antemano ayuda p pun saludo p pasara p,0
5723,25043,como ver los resultados del cuestionario,peng cuestionar introduce exam aqui bien pun vez realice exam ¿com puede ver resultados saludo,0
5723,25045,respuestas iguales con comodines,polar pal plant pregunta comodin formal correct incorrect cas puntual dan mismo valor soluciona psi alumno elige incorrect test no valor embargo puede usar form correct conseguirlo hay algun form edit estos py puede sab valor exact comodin toc cad alumno gracias p p,0
5723,25053,Saiakera bakarreko azterketan konexioa moztu,paix speaker bakarrek azterket bat ukasz bati conexo most baza berria konektatz sistema util dio azterket edit jarraitz uti buen lek edo berria hast edo leh sai amaitugabek torre jad kontatz du eta ein izan du startup peskerrik asp penelope,0
5723,25062,Calificación cuestionario,polar necesita ayuda no termino manejo tod opcion configura cuestionario por ejemplo hecho cuestionar prueba alumno ficticio pregunta orden azar respuesta azar retroaliment differ edit puede ver solucion termino o intent no clar esto deb hac mal termino envio no veo libr califa califa obtenidas pen revision intent veo respond cad pregunta no califa final motiv el entiendo tampoco veo libr califa tal funcion ir califico alumno uno seguir sistema califa final cuestionar no manual py seguir deb hab form vean califa dos tres dias despues prueba pos agradece ayuda vol loc seguir cos sencillo hac mal salud p p,0
5723,25091,Alumnado con necesidades especiales,pkaixop paca seg pas concede tiempo alumno veces especial exam tip testcuestionari y dad guard sal siguiente mensajes span estudi no rol grup correct intent resolve cuestionariospanp por puede ser mañana no abre cuestionario pmid espera pesar p p span  span,0
5723,25147,Tiempo extra para alumnado con necesidades específicas,polar phe intent no repeat tem busca respuesta for no encontrado phe prepara cuestionar prueba alumno asignatura alumno necesita tiempo hac pens duplico hecho restriccion tip deb sol dej tiempo cuestion si hag asi rest no puede entrar si ve enlace especie alumno no no parece etc p seguir form hac no ocurre como gracia ayuda,0
5723,25151,Ítem de múltiples 'Verdadero/Falso' referidos a un único enunciado,hab pregunta vari ocasion incluso vide vist algun mencion com hac multiple pregunta por ejemplo vf strongrefer unic enunciadostrongp aunque dad solucion vari tip hil sencillo olvidar use hac curs unific pregunta ahora no acordado pes simplemente cre pregunta strongemparejamientostrong cad proposicion column izquierda dem opcion correct bien emverdaderem bien embalse asi desplego derecho tan sol aparece dos alternativas pel result ve estudi asi le puesto item califa  punto valor siete pregunta juntas img srcpluginfilecapturadepantallaalasjpg alt p pal respect tip items emparejamiento ol viento premis puede incl strongimagenesstrong com esa formal puesto ejemplo vides vinculos piel orden aparece premis column izquierda puede strongaleatorizarstrongli lies imprescind escribe correctamente dos palabra verdadero false strongman vez aparezcanstrong clar si col cualquier erratatild etc algun –emverdsp stylecolor ffstronghstrongspanadero–em pas ser tercer opcion posible listrongn permit penalizarstrong fall de igual form tampoco permit vfl ol ademas ser configura libr puede utiliza much forms ejemplo tres opcion emcrecedisminuyes mantiene o anterior relac  posterior relac con till sin tilde etc libert total pos cont ver si sirven,0
5723,25190,alumnado con necesidades especiales,papa phe lead mensaje relacion no veo claros phe mir espacio sig ten claro psi quier alumno comience lavoz sol veces especial puede continuo hast tiempo puede determino ¿ puede gestion algun manera po alumno veces especial comience dem horario tampoco extend ojo tech no puede ver moment examen p p agradecido pun saludo,0
5723,25193,excepciones de usuario,polar pun alumno problem red quis activ nuevo cuestionar menu desplego administra cuestionar opte excepcion usuari modifique tiempo alumno no pud accede cuestionario phe lead tutorial mand ayer si apres mensaje advierten puede ser dos razones ul piel acces cuestionar condicion pertenece grup no form part ella estudiantes grups ¿hay hac grups usar excepcion usuario piel cuestionar oculta alumno ¿qu siguio estola ul p p p¿com podr solucion problemas p p gracias painarap,0
